date,Motel6,Jetblue,Jetblue_pred,Motel6_pred
2020-03-01 00:00:00+00:00,40100.57592,60048.70191,,
2020-03-02 00:00:00+00:00,40469.27441,60261.68208,,
2020-03-03 00:00:00+00:00,41144.35424,60715.70807,,
2020-03-04 00:00:00+00:00,42106.67623,61403.17958,,
2020-03-05 00:00:00+00:00,43325.92291,62291.88561,,
2020-03-06 00:00:00+00:00,44704.885,63347.97428,,
2020-03-07 00:00:00+00:00,46155.5464,64510.47958,,
2020-03-08 00:00:00+00:00,47658.6611,65709.61678,,
2020-03-09 00:00:00+00:00,49250.32979,66953.09825,,
2020-03-10 00:00:00+00:00,50970.99309,68334.3383,,
2020-03-11 00:00:00+00:00,52847.29543,69917.75043,,
2020-03-12 00:00:00+00:00,54868.00676,71733.16801,,
2020-03-13 00:00:00+00:00,56990.92019,73796.15107,,
2020-03-14 00:00:00+00:00,59178.96754,76004.12757,,
2020-03-15 00:00:00+00:00,61390.21511,78206.42593,,
2020-03-16 00:00:00+00:00,63595.31186,80370.49137,,
2020-03-17 00:00:00+00:00,65780.02493,82511.0876,,
2020-03-18 00:00:00+00:00,67924.93855,84566.54095,,
2020-03-19 00:00:00+00:00,70012.95178,86454.93819,,
2020-03-20 00:00:00+00:00,71982.00003,88125.95701,,
2020-03-21 00:00:00+00:00,73757.60609,89536.89253,,
2020-03-22 00:00:00+00:00,75294.46637,90656.41307,,
2020-03-23 00:00:00+00:00,76585.38109,91495.29329,,
2020-03-24 00:00:00+00:00,77729.55997,92099.15356,,
2020-03-25 00:00:00+00:00,78805.47759,92496.65098,,
2020-03-26 00:00:00+00:00,79795.54202,92690.58915,,
2020-03-27 00:00:00+00:00,80645.28472,92681.68124,,
2020-03-28 00:00:00+00:00,81295.19601,92476.29222,,
2020-03-29 00:00:00+00:00,81794.13982,92082.0755,,
2020-03-30 00:00:00+00:00,82226.22433,91521.93834,,
2020-03-31 00:00:00+00:00,82566.36831,90831.24595,,
2020-04-01 00:00:00+00:00,82746.18282,90025.10597,,
2020-04-02 00:00:00+00:00,82723.74481,89109.97763,,
2020-04-03 00:00:00+00:00,82556.27495,88097.20301,,
2020-04-04 00:00:00+00:00,82324.16966,86988.85503,,
2020-04-05 00:00:00+00:00,81977.23217,85790.65568,,
2020-04-06 00:00:00+00:00,81450.23563,84533.34137,,
2020-04-07 00:00:00+00:00,80759.93243,83247.67832,,
2020-04-08 00:00:00+00:00,79966.06013,81940.83325,,
2020-04-09 00:00:00+00:00,79082.03966,80615.60965,,
2020-04-10 00:00:00+00:00,78098.00125,79275.74862,,
2020-04-11 00:00:00+00:00,77020.43114,77920.43581,,
2020-04-12 00:00:00+00:00,75803.20328,76548.65389,,
2020-04-13 00:00:00+00:00,74462.48501,75173.67801,,
2020-04-14 00:00:00+00:00,73069.92091,73823.86138,,
2020-04-15 00:00:00+00:00,71616.71088,72515.25259,,
2020-04-16 00:00:00+00:00,70116.17409,71248.08796,,
2020-04-17 00:00:00+00:00,68686.39162,70023.42127,,
2020-04-18 00:00:00+00:00,67353.26365,68841.14989,,
2020-04-19 00:00:00+00:00,66007.47136,67697.57408,,
2020-04-20 00:00:00+00:00,64696.57623,66596.64229,,
2020-04-21 00:00:00+00:00,63505.48031,65550.79703,,
2020-04-22 00:00:00+00:00,62420.17689,64569.63364,,
2020-04-23 00:00:00+00:00,61517.72532,63660.56327,,
2020-04-24 00:00:00+00:00,60816.13806,62823.60841,,
2020-04-25 00:00:00+00:00,60210.51375,62042.47029,,
2020-04-26 00:00:00+00:00,59638.84961,61302.1371,,
2020-04-27 00:00:00+00:00,59107.80392,60607.47915,,
2020-04-28 00:00:00+00:00,58664.21295,59973.52795,,
2020-04-29 00:00:00+00:00,58279.1254,59404.65754,,
2020-04-30 00:00:00+00:00,57852.04929,58894.13137,,
2020-05-01 00:00:00+00:00,57409.23326,58435.98281,,
2020-05-02 00:00:00+00:00,57043.43001,58020.79582,,
2020-05-03 00:00:00+00:00,56753.19232,57635.70311,,
2020-05-04 00:00:00+00:00,56489.83427,57282.80609,,
2020-05-05 00:00:00+00:00,56263.22872,56973.58792,,
2020-05-06 00:00:00+00:00,56136.04671,56709.52452,,
2020-05-07 00:00:00+00:00,56120.76911,56485.42926,,
2020-05-08 00:00:00+00:00,56179.3219,56294.60027,,
2020-05-09 00:00:00+00:00,56207.36286,56128.34443,,
2020-05-10 00:00:00+00:00,56098.2999,55978.23254,,
2020-05-11 00:00:00+00:00,55908.43519,55849.80289,,
2020-05-12 00:00:00+00:00,55737.64408,55759.56142,,
2020-05-13 00:00:00+00:00,55581.74142,55707.66222,,
2020-05-14 00:00:00+00:00,55381.75035,55682.14537,,
2020-05-15 00:00:00+00:00,55128.10001,55673.73655,,
2020-05-16 00:00:00+00:00,54875.04329,55672.11023,,
2020-05-17 00:00:00+00:00,54600.15589,55669.22891,,
2020-05-18 00:00:00+00:00,54273.58535,55671.12733,,
2020-05-19 00:00:00+00:00,53923.0506,55691.89602,,
2020-05-20 00:00:00+00:00,53506.91242,55735.5212,,
2020-05-21 00:00:00+00:00,52995.70097,55795.5266,,
2020-05-22 00:00:00+00:00,52436.35322,55861.88321,,
2020-05-23 00:00:00+00:00,51880.00649,55924.83845,,
2020-05-24 00:00:00+00:00,51415.23279,55978.7039,,
2020-05-25 00:00:00+00:00,51114.2065,56024.2618,,
2020-05-26 00:00:00+00:00,50924.05499,56073.71608,,
2020-05-27 00:00:00+00:00,50737.90479,56143.05973,,
2020-05-28 00:00:00+00:00,50542.34113,56235.44307,,
2020-05-29 00:00:00+00:00,50452.14229,56342.98792,,
2020-05-30 00:00:00+00:00,50491.28038,56453.40631,,
2020-05-31 00:00:00+00:00,50596.13765,56555.85521,,
2020-06-01 00:00:00+00:00,50753.97554,56660.36147,,
2020-06-02 00:00:00+00:00,50871.85568,56791.09288,,
2020-06-03 00:00:00+00:00,50866.63485,56953.43499,,
2020-06-04 00:00:00+00:00,50766.40907,57138.13007,,
2020-06-05 00:00:00+00:00,50585.92478,57334.45719,,
2020-06-06 00:00:00+00:00,50301.00742,57524.1942,,
2020-06-07 00:00:00+00:00,49912.42243,57694.60478,,
2020-06-08 00:00:00+00:00,49518.54858,57856.76538,,
2020-06-09 00:00:00+00:00,49247.49961,58029.3451,,
2020-06-10 00:00:00+00:00,49132.89457,58214.84406,,
2020-06-11 00:00:00+00:00,49127.51265,58405.80586,,
2020-06-12 00:00:00+00:00,49109.48578,58591.73968,,
2020-06-13 00:00:00+00:00,48952.99462,58758.08006,,
2020-06-14 00:00:00+00:00,48697.41432,58897.42126,,
2020-06-15 00:00:00+00:00,48448.45339,59024.84211,,
2020-06-16 00:00:00+00:00,48255.89778,59163.85856,,
2020-06-17 00:00:00+00:00,48172.61558,59318.18372,,
2020-06-18 00:00:00+00:00,48201.71749,59477.93546,,
2020-06-19 00:00:00+00:00,48321.40611,59631.80539,,
2020-06-20 00:00:00+00:00,48553.84248,59763.93085,,
2020-06-21 00:00:00+00:00,48895.96978,59861.28187,,
2020-06-22 00:00:00+00:00,49286.34887,59933.91453,,
2020-06-23 00:00:00+00:00,49686.78151,60008.12671,,
2020-06-24 00:00:00+00:00,50071.01952,60097.24339,,
2020-06-25 00:00:00+00:00,50425.20912,60198.04339,,
2020-06-26 00:00:00+00:00,50795.46957,60298.53511,,
2020-06-27 00:00:00+00:00,51163.11978,60382.45104,,
2020-06-28 00:00:00+00:00,51410.86655,60439.90522,,
2020-06-29 00:00:00+00:00,51510.67985,60485.33975,,
2020-06-30 00:00:00+00:00,51594.61122,60547.76763,,
2020-07-01 00:00:00+00:00,51735.56565,60632.48621,,
2020-07-02 00:00:00+00:00,51852.27282,60719.18685,,
2020-07-03 00:00:00+00:00,51865.37457,60786.45292,,
2020-07-04 00:00:00+00:00,51832.90929,60819.04876,,
2020-07-05 00:00:00+00:00,51861.32526,60811.30578,,
2020-07-06 00:00:00+00:00,51962.85819,60778.84314,,
2020-07-07 00:00:00+00:00,52124.61915,60745.47385,,
2020-07-08 00:00:00+00:00,52280.99771,60717.37057,,
2020-07-09 00:00:00+00:00,52283.87786,60689.73714,,
2020-07-10 00:00:00+00:00,52096.37535,60658.47181,,
2020-07-11 00:00:00+00:00,51834.22549,60614.16474,,
2020-07-12 00:00:00+00:00,51587.613,60544.97297,,
2020-07-13 00:00:00+00:00,51358.18989,60456.64532,,
2020-07-14 00:00:00+00:00,51158.08103,60368.59362,,
2020-07-15 00:00:00+00:00,50972.82329,60289.22824,,
2020-07-16 00:00:00+00:00,50710.54397,60217.03882,,
2020-07-17 00:00:00+00:00,50380.21712,60147.49684,,
2020-07-18 00:00:00+00:00,50056.50552,60067.51152,,
2020-07-19 00:00:00+00:00,49698.14828,59966.14262,,
2020-07-20 00:00:00+00:00,49254.57295,59860.4162,,
2020-07-21 00:00:00+00:00,48761.75208,59777.69681,,
2020-07-22 00:00:00+00:00,48228.05103,59719.83245,,
2020-07-23 00:00:00+00:00,47617.7443,59674.9788,,
2020-07-24 00:00:00+00:00,46984.46873,59632.92159,,
2020-07-25 00:00:00+00:00,46408.40251,59580.47753,,
2020-07-26 00:00:00+00:00,45889.06755,59506.6913,,
2020-07-27 00:00:00+00:00,45364.42236,59424.16564,,
2020-07-28 00:00:00+00:00,44747.02643,59357.3406,,
2020-07-29 00:00:00+00:00,44032.65064,59308.32648,,
2020-07-30 00:00:00+00:00,43351.5463,59266.43953,,
2020-07-31 00:00:00+00:00,42767.73902,59224.83766,,
2020-08-01 00:00:00+00:00,42172.75266,59173.15819,,
2020-08-02 00:00:00+00:00,41534.22567,59100.37726,,
2020-08-03 00:00:00+00:00,40979.82496,59019.64662,,
2020-08-04 00:00:00+00:00,40552.55147,58955.1348,,
2020-08-05 00:00:00+00:00,40153.07817,58914.96881,,
2020-08-06 00:00:00+00:00,39774.90875,58908.28902,,
2020-08-07 00:00:00+00:00,39531.97617,58935.28947,,
2020-08-08 00:00:00+00:00,39484.44192,58968.84436,,
2020-08-09 00:00:00+00:00,39526.46418,58984.674,,
2020-08-10 00:00:00+00:00,39537.51029,58986.97066,,
2020-08-11 00:00:00+00:00,39512.12277,58995.10994,,
2020-08-12 00:00:00+00:00,39401.00748,59019.0313,,
2020-08-13 00:00:00+00:00,39221.8721,59054.14227,,
2020-08-14 00:00:00+00:00,39131.71762,59090.57193,,
2020-08-15 00:00:00+00:00,39206.21158,59116.89466,,
2020-08-16 00:00:00+00:00,39350.07803,59124.2288,,
2020-08-17 00:00:00+00:00,39409.74732,59123.23753,,
2020-08-18 00:00:00+00:00,39374.79033,59134.78675,,
2020-08-19 00:00:00+00:00,39384.33369,59164.23404,,
2020-08-20 00:00:00+00:00,39490.23462,59211.0059,,
2020-08-21 00:00:00+00:00,39654.77905,59271.81828,,
2020-08-22 00:00:00+00:00,39851.15511,59328.69413,,
2020-08-23 00:00:00+00:00,39964.10657,59364.61534,,
2020-08-24 00:00:00+00:00,39959.74512,59394.43509,,
2020-08-25 00:00:00+00:00,39993.59354,59452.65337,,
2020-08-26 00:00:00+00:00,40122.99208,59548.63328,,
2020-08-27 00:00:00+00:00,40215.86239,59666.19934,,
2020-08-28 00:00:00+00:00,40211.01745,59786.5096,,
2020-08-29 00:00:00+00:00,40147.3514,59892.05618,,
2020-08-30 00:00:00+00:00,40057.77687,59970.15329,,
2020-08-31 00:00:00+00:00,39999.25745,60038.48052,,
2020-09-01 00:00:00+00:00,39965.76814,60134.09396,,
2020-09-02 00:00:00+00:00,39910.36371,60264.33776,,
2020-09-03 00:00:00+00:00,39813.45199,60412.97301,,
2020-09-04 00:00:00+00:00,39665.71672,60560.09524,,
2020-09-05 00:00:00+00:00,39488.6039,60681.16881,,
2020-09-06 00:00:00+00:00,39287.03931,60758.78608,,
2020-09-07 00:00:00+00:00,38993.56804,60797.05658,,
2020-09-08 00:00:00+00:00,38565.79003,60821.28091,,
2020-09-09 00:00:00+00:00,38060.54756,60869.15013,,
2020-09-10 00:00:00+00:00,37576.53449,60973.01105,,
2020-09-11 00:00:00+00:00,37174.37633,61121.39472,,
2020-09-12 00:00:00+00:00,36821.81896,61262.31638,,
2020-09-13 00:00:00+00:00,36466.04865,61363.1564,,
2020-09-14 00:00:00+00:00,36153.14936,61435.33795,,
2020-09-15 00:00:00+00:00,35962.48285,61503.04714,,
2020-09-16 00:00:00+00:00,35924.05174,61572.49465,,
2020-09-17 00:00:00+00:00,36003.69458,61637.72167,,
2020-09-18 00:00:00+00:00,36069.40426,61691.69057,,
2020-09-19 00:00:00+00:00,36012.5257,61719.67555,,
2020-09-20 00:00:00+00:00,35899.7063,61708.3986,,
2020-09-21 00:00:00+00:00,35815.70246,61669.94067,,
2020-09-22 00:00:00+00:00,35705.21681,61628.76015,,
2020-09-23 00:00:00+00:00,35527.62568,61590.73378,,
2020-09-24 00:00:00+00:00,35280.98424,61548.12639,,
2020-09-25 00:00:00+00:00,34954.65749,61493.13625,,
2020-09-26 00:00:00+00:00,34632.06371,61413.69065,,
2020-09-27 00:00:00+00:00,34390.07658,61300.87508,,
2020-09-28 00:00:00+00:00,34171.14091,61174.7771,,
2020-09-29 00:00:00+00:00,33986.23896,61067.07117,,
2020-09-30 00:00:00+00:00,33943.94404,60983.09726,,
2020-10-01 00:00:00+00:00,34025.9872,60907.34841,,
2020-10-02 00:00:00+00:00,34169.87474,60817.87677,,
2020-10-03 00:00:00+00:00,34407.99218,60695.20727,,
2020-10-04 00:00:00+00:00,34702.2007,60531.90291,,
2020-10-05 00:00:00+00:00,34973.03415,60336.6442,,
2020-10-06 00:00:00+00:00,35283.05038,60126.04274,,
2020-10-07 00:00:00+00:00,35640.45026,59909.66377,,
2020-10-08 00:00:00+00:00,35908.12329,59687.0072,,
2020-10-09 00:00:00+00:00,36067.21263,59452.51111,,
2020-10-10 00:00:00+00:00,36164.53628,59195.58868,,
2020-10-11 00:00:00+00:00,36112.81752,58905.46518,,
2020-10-12 00:00:00+00:00,35870.85858,58585.66268,,
2020-10-13 00:00:00+00:00,35555.25958,58249.3618,,
2020-10-14 00:00:00+00:00,35303.42377,57904.06923,,
2020-10-15 00:00:00+00:00,35115.6363,57553.25809,,
2020-10-16 00:00:00+00:00,34971.07988,57199.00451,,
2020-10-17 00:00:00+00:00,34963.51665,56838.27939,,
2020-10-18 00:00:00+00:00,35086.62392,56468.63809,,
2020-10-19 00:00:00+00:00,35253.63557,56097.13367,,
2020-10-20 00:00:00+00:00,35440.73109,55739.43395,,
2020-10-21 00:00:00+00:00,35566.96477,55408.06409,,
2020-10-22 00:00:00+00:00,35541.02889,55100.20028,,
2020-10-23 00:00:00+00:00,35395.33896,54803.23168,,
2020-10-24 00:00:00+00:00,35248.31847,54507.99095,,
2020-10-25 00:00:00+00:00,35229.44565,54214.20665,,
2020-10-26 00:00:00+00:00,35346.11558,53929.90597,,
2020-10-27 00:00:00+00:00,35465.65995,53662.29105,,
2020-10-28 00:00:00+00:00,35539.32399,53412.31615,,
2020-10-29 00:00:00+00:00,35619.42016,53179.19264,,
2020-10-30 00:00:00+00:00,35709.49233,52960.69902,,
2020-10-31 00:00:00+00:00,35817.25856,52751.55081,,
2020-11-01 00:00:00+00:00,35889.28599,52549.64559,,
2020-11-02 00:00:00+00:00,35819.2314,52362.22158,,
2020-11-03 00:00:00+00:00,35641.63113,52197.35105,,
2020-11-04 00:00:00+00:00,35484.65279,52053.82784,,
2020-11-05 00:00:00+00:00,35429.01825,51927.74133,,
2020-11-06 00:00:00+00:00,35462.4732,51817.08736,,
2020-11-07 00:00:00+00:00,35482.51965,51717.03409,,
2020-11-08 00:00:00+00:00,35447.54932,51623.2326,,
2020-11-09 00:00:00+00:00,35440.44229,51539.34864,,
2020-11-10 00:00:00+00:00,35485.18704,51473.44675,,
2020-11-11 00:00:00+00:00,35559.01956,51428.77449,,
2020-11-12 00:00:00+00:00,35643.72489,51402.5184,,
2020-11-13 00:00:00+00:00,35689.75158,51389.21505,,
2020-11-14 00:00:00+00:00,35725.6222,51383.27289,,
2020-11-15 00:00:00+00:00,35779.20047,51382.00958,,
2020-11-16 00:00:00+00:00,35805.36764,51387.62023,,
2020-11-17 00:00:00+00:00,35857.41644,51405.1436,,
2020-11-18 00:00:00+00:00,36013.33729,51436.60779,,
2020-11-19 00:00:00+00:00,36201.12101,51479.55962,,
2020-11-20 00:00:00+00:00,36312.80237,51529.38507,,
2020-11-21 00:00:00+00:00,36366.71475,51579.58307,,
2020-11-22 00:00:00+00:00,36420.33047,51625.97587,,
2020-11-23 00:00:00+00:00,36523.43929,51671.73123,,
2020-11-24 00:00:00+00:00,36665.05382,51720.51733,,
2020-11-25 00:00:00+00:00,36745.59346,51769.09978,,
2020-11-26 00:00:00+00:00,36774.60758,51810.79567,,
2020-11-27 00:00:00+00:00,36745.68782,51843.08538,,
2020-11-28 00:00:00+00:00,36567.63389,51869.47126,,
2020-11-29 00:00:00+00:00,36232.69751,51892.37016,,
2020-11-30 00:00:00+00:00,35829.66377,51919.16412,,
2020-12-01 00:00:00+00:00,35426.30278,51962.16007,,
2020-12-02 00:00:00+00:00,35027.23949,52020.18123,,
2020-12-03 00:00:00+00:00,34690.69965,52082.44006,,
2020-12-04 00:00:00+00:00,34454.20187,52142.20111,,
2020-12-05 00:00:00+00:00,34301.6971,52195.64802,,
2020-12-06 00:00:00+00:00,34185.37641,52240.71125,,
2020-12-07 00:00:00+00:00,34103.80679,52280.20804,,
2020-12-08 00:00:00+00:00,34056.60867,52319.56338,,
2020-12-09 00:00:00+00:00,33948.73285,52360.44967,,
2020-12-10 00:00:00+00:00,33716.35664,52399.87033,,
2020-12-11 00:00:00+00:00,33360.2438,52434.65992,,
2020-12-12 00:00:00+00:00,32933.36965,52462.75789,,
2020-12-13 00:00:00+00:00,32439.27865,52482.886,,
2020-12-14 00:00:00+00:00,31912.83666,52499.19303,,
2020-12-15 00:00:00+00:00,31449.85004,52519.81465,,
2020-12-16 00:00:00+00:00,31054.88426,52548.3737,,
2020-12-17 00:00:00+00:00,30664.44577,52584.81455,,
2020-12-18 00:00:00+00:00,30256.93751,52626.79657,,
2020-12-19 00:00:00+00:00,29876.77184,52667.58269,,
2020-12-20 00:00:00+00:00,29508.00406,52702.55918,,
2020-12-21 00:00:00+00:00,29186.04762,52733.07737,,
2020-12-22 00:00:00+00:00,29023.26157,52761.19234,,
2020-12-23 00:00:00+00:00,28970.53135,52786.08177,,
2020-12-24 00:00:00+00:00,28866.95557,52804.44709,,
2020-12-25 00:00:00+00:00,28709.39491,52813.18162,,
2020-12-26 00:00:00+00:00,28637.87269,52813.91855,,
2020-12-27 00:00:00+00:00,28680.2799,52811.61205,,
2020-12-28 00:00:00+00:00,28735.14039,52811.80415,,
2020-12-29 00:00:00+00:00,28771.17083,52819.91695,,
2020-12-30 00:00:00+00:00,28857.80525,52836.00382,,
2020-12-31 00:00:00+00:00,28995.65402,52854.84193,,
2021-01-01 00:00:00+00:00,29089.86568,52871.53375,,
2021-01-02 00:00:00+00:00,29145.87191,52885.6656,,
2021-01-03 00:00:00+00:00,29302.04735,52900.16833,,
2021-01-04 00:00:00+00:00,29535.65974,52919.04816,,
2021-01-05 00:00:00+00:00,29751.97436,52947.76406,,
2021-01-06 00:00:00+00:00,30040.44485,52987.26118,,
2021-01-07 00:00:00+00:00,30375.30802,53032.42898,,
2021-01-08 00:00:00+00:00,30587.49231,53079.22817,,
2021-01-09 00:00:00+00:00,30634.20084,53124.86792,,
2021-01-10 00:00:00+00:00,30513.15104,53167.81038,,
2021-01-11 00:00:00+00:00,30246.98898,53212.76112,,
2021-01-12 00:00:00+00:00,29879.74496,53266.28236,,
2021-01-13 00:00:00+00:00,29485.21496,53329.11736,,
2021-01-14 00:00:00+00:00,29188.47224,53397.01034,,
2021-01-15 00:00:00+00:00,29031.00861,53464.28766,,
2021-01-16 00:00:00+00:00,28972.23551,53526.61404,,
2021-01-17 00:00:00+00:00,28980.93257,53581.59082,,
2021-01-18 00:00:00+00:00,29020.27347,53629.95856,,
2021-01-19 00:00:00+00:00,29022.99222,53676.06948,,
2021-01-20 00:00:00+00:00,29027.18526,53723.11998,,
2021-01-21 00:00:00+00:00,29077.11633,53801.82917,,
2021-01-22 00:00:00+00:00,29141.82753,53977.45747,,
2021-01-23 00:00:00+00:00,29276.46848,54276.36863,,
2021-01-24 00:00:00+00:00,29515.52386,54678.07164,,
2021-01-25 00:00:00+00:00,29839.07769,55181.16032,,
2021-01-26 00:00:00+00:00,30269.24529,55806.44284,,
2021-01-27 00:00:00+00:00,30782.74655,56554.20182,,
2021-01-28 00:00:00+00:00,31326.48372,57397.49895,,
2021-01-29 00:00:00+00:00,31872.55434,58305.36924,,
2021-01-30 00:00:00+00:00,32369.588,59246.17786,,
2021-01-31 00:00:00+00:00,32811.77143,60197.83383,,
2021-02-01 00:00:00+00:00,33262.96908,61174.14396,,
2021-02-02 00:00:00+00:00,33749.90037,62198.31397,,
2021-02-03 00:00:00+00:00,34248.87859,63261.1537,,
2021-02-04 00:00:00+00:00,34726.54452,64337.99739,,
2021-02-05 00:00:00+00:00,35150.78521,65406.46395,,
2021-02-06 00:00:00+00:00,35516.89488,66437.34678,,
2021-02-07 00:00:00+00:00,35878.6029,67403.28299,,
2021-02-08 00:00:00+00:00,36256.20622,68315.96096,,
2021-02-09 00:00:00+00:00,36611.13122,69224.95577,,
2021-02-10 00:00:00+00:00,36938.84576,70159.12383,,
2021-02-11 00:00:00+00:00,37244.92323,71116.57536,,
2021-02-12 00:00:00+00:00,37510.86623,72077.98441,,
2021-02-13 00:00:00+00:00,37722.90773,72991.79493,,
2021-02-14 00:00:00+00:00,37884.78187,73812.81432,,
2021-02-15 00:00:00+00:00,38030.11315,74557.97689,,
2021-02-16 00:00:00+00:00,38235.23277,75283.89929,,
2021-02-17 00:00:00+00:00,38510.33747,76027.01934,,
2021-02-18 00:00:00+00:00,38793.96765,76795.02389,,
2021-02-19 00:00:00+00:00,39060.4638,77575.5247,,
2021-02-20 00:00:00+00:00,39281.99987,78321.70059,,
2021-02-21 00:00:00+00:00,39452.06842,78991.92581,,
2021-02-22 00:00:00+00:00,39615.75813,79611.20739,,
2021-02-23 00:00:00+00:00,39804.72837,80236.34502,,
2021-02-24 00:00:00+00:00,40034.36726,80889.38348,,
2021-02-25 00:00:00+00:00,40281.25333,81553.05524,,
2021-02-26 00:00:00+00:00,40527.16025,82189.01807,,
2021-02-27 00:00:00+00:00,40793.88531,82754.17598,,
2021-02-28 00:00:00+00:00,41084.77927,83232.69091,,
2021-03-01 00:00:00+00:00,41417.38621,83674.43196,,
2021-03-02 00:00:00+00:00,41815.47607,84161.19694,,
2021-03-03 00:00:00+00:00,42261.53681,84715.88493,,
2021-03-04 00:00:00+00:00,42704.90111,85292.63842,,
2021-03-05 00:00:00+00:00,43096.50833,85830.10757,,
2021-03-06 00:00:00+00:00,43423.96433,86278.6922,,
2021-03-07 00:00:00+00:00,43722.12974,86622.34273,,
2021-03-08 00:00:00+00:00,44032.05109,86903.86122,,
2021-03-09 00:00:00+00:00,44362.43849,87198.43025,,
2021-03-10 00:00:00+00:00,44716.6372,87547.20491,,
2021-03-11 00:00:00+00:00,45080.87545,87935.77281,,
2021-03-12 00:00:00+00:00,45414.83193,88314.39386,,
2021-03-13 00:00:00+00:00,45683.50922,88614.07003,,
2021-03-14 00:00:00+00:00,45876.57013,88793.80874,,
2021-03-15 00:00:00+00:00,46008.02409,88912.99347,,
2021-03-16 00:00:00+00:00,46090.31167,89078.75486,,
2021-03-17 00:00:00+00:00,46150.44101,89319.79321,,
2021-03-18 00:00:00+00:00,46221.01929,89597.07704,,
2021-03-19 00:00:00+00:00,46305.66818,89860.69014,,
2021-03-20 00:00:00+00:00,46388.87247,90044.68133,,
2021-03-21 00:00:00+00:00,46460.27147,90096.88807,,
2021-03-22 00:00:00+00:00,46542.56896,90050.1264,,
2021-03-23 00:00:00+00:00,46653.05026,89988.80154,,
2021-03-24 00:00:00+00:00,46775.68035,89950.90434,,
2021-03-25 00:00:00+00:00,46883.81887,89923.58111,,
2021-03-26 00:00:00+00:00,46952.88439,89870.46605,,
2021-03-27 00:00:00+00:00,46954.2914,89733.91616,,
2021-03-28 00:00:00+00:00,46879.82031,89487.92491,,
2021-03-29 00:00:00+00:00,46775.85573,89195.79948,,
2021-03-30 00:00:00+00:00,46691.21059,88946.19437,,
2021-03-31 00:00:00+00:00,46635.96325,88790.88515,,
2021-04-01 00:00:00+00:00,46601.49077,88745.70851,,
2021-04-02 00:00:00+00:00,46571.41392,88755.15872,,
2021-04-03 00:00:00+00:00,46511.33037,88713.59178,,
2021-04-04 00:00:00+00:00,46383.17714,88550.54932,,
2021-04-05 00:00:00+00:00,46207.9439,88335.85492,,
2021-04-06 00:00:00+00:00,46055.81815,88253.7864,,
2021-04-07 00:00:00+00:00,45958.11023,88428.54863,,
2021-04-08 00:00:00+00:00,45908.18106,88827.87526,,
2021-04-09 00:00:00+00:00,45899.77032,89337.18957,,
2021-04-10 00:00:00+00:00,45927.00209,89908.48783,,
2021-04-11 00:00:00+00:00,45984.38705,90583.13827,,
2021-04-12 00:00:00+00:00,46066.82139,91505.80104,,
2021-04-13 00:00:00+00:00,46169.58298,92821.21245,,
2021-04-14 00:00:00+00:00,46288.32509,94464.51693,,
2021-04-15 00:00:00+00:00,46391.9109,96154.10725,,
2021-04-16 00:00:00+00:00,46446.29758,97580.50258,,
2021-04-17 00:00:00+00:00,46442.26328,98600.08651,,
2021-04-18 00:00:00+00:00,46339.78563,99203.50858,,
2021-04-19 00:00:00+00:00,46127.12338,99457.16062,,
2021-04-20 00:00:00+00:00,45871.35786,99468.79258,,
2021-04-21 00:00:00+00:00,45624.90879,99297.60938,,
2021-04-22 00:00:00+00:00,45386.12281,98953.28791,,
2021-04-23 00:00:00+00:00,45139.94846,98425.60809,,
2021-04-24 00:00:00+00:00,44897.05719,97684.38219,,
2021-04-25 00:00:00+00:00,44661.70888,96720.26149,,
2021-04-26 00:00:00+00:00,44393.81107,95588.46819,,
2021-04-27 00:00:00+00:00,44073.06355,94352.99619,,
2021-04-28 00:00:00+00:00,43725.07045,93038.6988,,
2021-04-29 00:00:00+00:00,43380.7014,91662.96484,,
2021-04-30 00:00:00+00:00,43068.75039,90250.64894,,
2021-05-01 00:00:00+00:00,42780.34177,88794.93966,,
2021-05-02 00:00:00+00:00,42496.31205,87271.29767,,
2021-05-03 00:00:00+00:00,42247.524,85727.51673,,
2021-05-04 00:00:00+00:00,42059.91795,84252.35719,,
2021-05-05 00:00:00+00:00,41921.25535,82872.6989,,
2021-05-06 00:00:00+00:00,41816.17312,81547.10946,,
2021-05-07 00:00:00+00:00,41710.30991,80230.76831,,
2021-05-08 00:00:00+00:00,41561.54618,78908.93607,,
2021-05-09 00:00:00+00:00,41378.71314,77568.33219,,
2021-05-10 00:00:00+00:00,41200.5742,76260.04175,,
2021-05-11 00:00:00+00:00,41061.86089,75091.47881,,
2021-05-12 00:00:00+00:00,40970.79993,74086.34924,,
2021-05-13 00:00:00+00:00,40896.60827,73199.49222,,
2021-05-14 00:00:00+00:00,40795.18553,72384.94266,,
2021-05-15 00:00:00+00:00,40634.92384,71582.43146,,
2021-05-16 00:00:00+00:00,40393.88311,70744.59002,,
2021-05-17 00:00:00+00:00,40098.1888,69949.11351,,
2021-05-18 00:00:00+00:00,39832.24728,69363.60833,,
2021-05-19 00:00:00+00:00,39638.34854,69061.15306,,
2021-05-20 00:00:00+00:00,39508.98633,69010.42992,,
2021-05-21 00:00:00+00:00,39437.00054,69151.31028,,
2021-05-22 00:00:00+00:00,39402.41618,69388.07255,,
2021-05-23 00:00:00+00:00,39380.40803,69638.24799,,
2021-05-24 00:00:00+00:00,39376.2304,69941.8656,,
2021-05-25 00:00:00+00:00,39409.05131,70401.702,,
2021-05-26 00:00:00+00:00,39481.38191,71044.10707,,
2021-05-27 00:00:00+00:00,39587.30323,71823.44057,,
2021-05-28 00:00:00+00:00,39721.302,72659.7513,,
2021-05-29 00:00:00+00:00,39867.91337,73455.81001,,
2021-05-30 00:00:00+00:00,40014.13826,74139.66395,,
2021-05-31 00:00:00+00:00,40171.21285,74722.53544,,
2021-06-01 00:00:00+00:00,40349.42715,75300.96403,,
2021-06-02 00:00:00+00:00,40545.31047,75958.23498,,
2021-06-03 00:00:00+00:00,40754.39632,76697.54915,,
2021-06-04 00:00:00+00:00,40972.61842,77465.70871,,
2021-06-05 00:00:00+00:00,41187.2568,78161.32282,,
2021-06-06 00:00:00+00:00,41373.68149,78693.23371,,
2021-06-07 00:00:00+00:00,41518.74321,79117.43796,,
2021-06-08 00:00:00+00:00,41628.30663,79573.2577,,
2021-06-09 00:00:00+00:00,41708.53464,80099.32716,,
2021-06-10 00:00:00+00:00,41761.41518,80651.87265,,
2021-06-11 00:00:00+00:00,41788.93009,81179.28613,,
2021-06-12 00:00:00+00:00,41795.47691,81608.70044,,
2021-06-13 00:00:00+00:00,41795.17939,81878.58268,,
2021-06-14 00:00:00+00:00,41801.37537,82051.40496,,
2021-06-15 00:00:00+00:00,41811.33149,82264.75768,,
2021-06-16 00:00:00+00:00,41819.3427,82555.91117,,
2021-06-17 00:00:00+00:00,41824.76411,82861.83353,,
2021-06-18 00:00:00+00:00,41827.0481,83110.60517,,
2021-06-19 00:00:00+00:00,41801.61534,83232.58531,,
2021-06-20 00:00:00+00:00,41727.71748,83170.35812,,
2021-06-21 00:00:00+00:00,41625.15022,82989.57755,,
2021-06-22 00:00:00+00:00,41499.67256,82859.14382,,
2021-06-23 00:00:00+00:00,41343.0142,82857.78727,,
2021-06-24 00:00:00+00:00,41159.41768,82941.13256,,
2021-06-25 00:00:00+00:00,40952.86642,83032.86912,,
2021-06-26 00:00:00+00:00,40728.16642,83049.55221,,
2021-06-27 00:00:00+00:00,40503.45139,82938.1721,,
2021-06-28 00:00:00+00:00,40286.92532,82758.51676,,
2021-06-29 00:00:00+00:00,40052.68147,82627.76978,,
2021-06-30 00:00:00+00:00,39773.70809,82507.17076,,
2021-07-01 00:00:00+00:00,39443.36993,82308.32345,,
2021-07-02 00:00:00+00:00,39075.80569,82094.54902,,
2021-07-03 00:00:00+00:00,38700.81358,81866.95227,,
2021-07-04 00:00:00+00:00,38356.6096,81518.89991,,
2021-07-05 00:00:00+00:00,38048.12841,81039.69396,,
2021-07-06 00:00:00+00:00,37739.08133,80556.01585,,
2021-07-07 00:00:00+00:00,37411.61393,80202.4046,,
2021-07-08 00:00:00+00:00,37070.19644,80003.2362,,
2021-07-09 00:00:00+00:00,36718.91489,79911.10244,,
2021-07-10 00:00:00+00:00,36378.00256,79828.18223,,
2021-07-11 00:00:00+00:00,36088.05498,79651.11122,,
2021-07-12 00:00:00+00:00,35874.02613,79423.02496,,
2021-07-13 00:00:00+00:00,35734.26682,79292.05845,,
2021-07-14 00:00:00+00:00,35660.6133,79322.41592,,
2021-07-15 00:00:00+00:00,35645.51773,79484.71129,,
2021-07-16 00:00:00+00:00,35681.82756,79694.83131,,
2021-07-17 00:00:00+00:00,35758.92155,79821.81582,,
2021-07-18 00:00:00+00:00,35858.03755,79793.68037,,
2021-07-19 00:00:00+00:00,35961.14174,79683.7265,,
2021-07-20 00:00:00+00:00,36061.33544,79610.07418,,
2021-07-21 00:00:00+00:00,36157.72388,79602.29684,,
2021-07-22 00:00:00+00:00,36249.54497,79620.34035,,
2021-07-23 00:00:00+00:00,36336.16038,79596.96774,,
2021-07-24 00:00:00+00:00,36420.69079,79433.89263,,
2021-07-25 00:00:00+00:00,36513.92898,79074.58557,,
2021-07-26 00:00:00+00:00,36596.81797,78605.98119,,
2021-07-27 00:00:00+00:00,36615.37365,78188.3572,,
2021-07-28 00:00:00+00:00,36547.38931,77893.60367,,
2021-07-29 00:00:00+00:00,36403.26014,77693.12104,,
2021-07-30 00:00:00+00:00,36222.98453,77507.62218,,
2021-07-31 00:00:00+00:00,36069.41984,77208.18407,,
2021-08-01 00:00:00+00:00,35961.40327,76723.71542,,
2021-08-02 00:00:00+00:00,35880.20908,76155.88057,,
2021-08-03 00:00:00+00:00,35810.91251,75697.99609,,
2021-08-04 00:00:00+00:00,35747.95226,75444.84434,,
2021-08-05 00:00:00+00:00,35690.7727,75312.85385,,
2021-08-06 00:00:00+00:00,35638.84006,75163.24391,,
2021-08-07 00:00:00+00:00,35594.51323,74898.67674,,
2021-08-08 00:00:00+00:00,35568.53867,74477.37829,,
2021-08-09 00:00:00+00:00,35527.75036,73962.65544,,
2021-08-10 00:00:00+00:00,35470.68845,73457.44346,,
2021-08-11 00:00:00+00:00,35469.16049,72982.99716,,
2021-08-12 00:00:00+00:00,35441.38215,72503.79166,,
2021-08-13 00:00:00+00:00,35295.60001,71981.29441,,
2021-08-14 00:00:00+00:00,35171.16152,71357.44077,,
2021-08-15 00:00:00+00:00,35145.0922,70583.95063,,
2021-08-16 00:00:00+00:00,35088.91226,69719.40536,,
2021-08-17 00:00:00+00:00,34877.10801,68880.30517,,
2021-08-18 00:00:00+00:00,34518.24318,68105.30139,,
2021-08-19 00:00:00+00:00,34056.84968,67381.4713,,
2021-08-20 00:00:00+00:00,33438.3634,66693.06765,,
2021-08-21 00:00:00+00:00,32630.6747,65996.42929,,
2021-08-22 00:00:00+00:00,31805.65659,65251.87951,,
2021-08-23 00:00:00+00:00,31253.32462,64485.31259,,
2021-08-24 00:00:00+00:00,30946.73607,63752.36057,,
2021-08-25 00:00:00+00:00,30625.10407,63059.96608,,
2021-08-26 00:00:00+00:00,30193.12258,62360.91435,,
2021-08-27 00:00:00+00:00,29637.41185,61604.99997,,
2021-08-28 00:00:00+00:00,29095.81582,60756.69118,,
2021-08-29 00:00:00+00:00,28791.29406,59793.26719,,
2021-08-30 00:00:00+00:00,28771.23349,58780.51948,,
2021-08-31 00:00:00+00:00,28942.30458,57840.81251,,
2021-09-01 00:00:00+00:00,29113.49157,57018.34721,,
2021-09-02 00:00:00+00:00,29225.47935,56304.46113,,
2021-09-03 00:00:00+00:00,29379.3889,55666.11026,,
2021-09-04 00:00:00+00:00,29482.63985,55008.30759,,
2021-09-05 00:00:00+00:00,29488.40984,54255.65346,,
2021-09-06 00:00:00+00:00,29574.34399,53436.04036,,
2021-09-07 00:00:00+00:00,29724.4521,52644.13621,,
2021-09-08 00:00:00+00:00,29779.70352,51920.0182,,
2021-09-09 00:00:00+00:00,29793.09479,51224.12642,,
2021-09-10 00:00:00+00:00,29880.3873,50517.66253,,
2021-09-11 00:00:00+00:00,30013.46327,49739.62336,,
2021-09-12 00:00:00+00:00,30241.43628,48838.44646,,
2021-09-13 00:00:00+00:00,30623.99008,47865.81645,,
2021-09-14 00:00:00+00:00,31098.02487,46936.36467,,
2021-09-15 00:00:00+00:00,31699.20139,46121.73482,,
2021-09-16 00:00:00+00:00,32407.45637,45433.12899,,
2021-09-17 00:00:00+00:00,32998.30242,44856.33627,,
2021-09-18 00:00:00+00:00,33441.17304,44325.47683,,
2021-09-19 00:00:00+00:00,33943.48396,43764.78491,,
2021-09-20 00:00:00+00:00,34535.05181,43222.55083,,
2021-09-21 00:00:00+00:00,35042.87149,42813.38623,,
2021-09-22 00:00:00+00:00,35431.15143,42553.24088,,
2021-09-23 00:00:00+00:00,35848.42157,42403.5266,,
2021-09-24 00:00:00+00:00,36331.19093,42333.06957,,
2021-09-25 00:00:00+00:00,36784.16157,42265.19863,,
2021-09-26 00:00:00+00:00,37201.31936,42125.8235,,
2021-09-27 00:00:00+00:00,37661.64867,41973.80731,,
2021-09-28 00:00:00+00:00,38063.40639,41945.85364,,
2021-09-29 00:00:00+00:00,38291.49545,42066.91887,,
2021-09-30 00:00:00+00:00,38511.49463,42236.59099,,
2021-10-01 00:00:00+00:00,38900.59726,42377.25412,,
2021-10-02 00:00:00+00:00,39342.46114,42458.57065,,
2021-10-03 00:00:00+00:00,39556.78897,42451.96694,,
2021-10-04 00:00:00+00:00,39510.01617,42440.44714,,
2021-10-05 00:00:00+00:00,39458.7112,42593.25757,,
2021-10-06 00:00:00+00:00,39585.17729,42941.91146,,
2021-10-07 00:00:00+00:00,39746.27203,43401.50049,,
2021-10-08 00:00:00+00:00,39795.00718,43903.12815,,
2021-10-09 00:00:00+00:00,39820.78572,44349.96735,,
2021-10-10 00:00:00+00:00,39838.81283,44662.74005,,
2021-10-11 00:00:00+00:00,39748.08053,44899.88285,,
2021-10-12 00:00:00+00:00,39442.40485,45187.27153,,
2021-10-13 00:00:00+00:00,38964.30906,45571.24702,,
2021-10-14 00:00:00+00:00,38531.43627,46004.26156,,
2021-10-15 00:00:00+00:00,38244.95604,46401.08588,,
2021-10-16 00:00:00+00:00,38084.93571,46660.58654,,
2021-10-17 00:00:00+00:00,37950.32437,46724.10437,,
2021-10-18 00:00:00+00:00,37682.4104,46645.94077,,
2021-10-19 00:00:00+00:00,37221.13148,46522.90648,,
2021-10-20 00:00:00+00:00,36590.05878,46380.66125,,
2021-10-21 00:00:00+00:00,35881.11224,46196.98701,,
2021-10-22 00:00:00+00:00,35225.50025,45946.93613,,
2021-10-23 00:00:00+00:00,34696.68044,45585.69724,,
2021-10-24 00:00:00+00:00,34288.21145,45075.44328,,
2021-10-25 00:00:00+00:00,33989.73853,44475.34713,,
2021-10-26 00:00:00+00:00,33711.2986,43902.45283,,
2021-10-27 00:00:00+00:00,33293.85776,43406.69611,,
2021-10-28 00:00:00+00:00,32716.6112,42968.98298,,
2021-10-29 00:00:00+00:00,32076.66031,42545.96609,,
2021-10-30 00:00:00+00:00,31559.33662,42078.22378,,
2021-10-31 00:00:00+00:00,31219.37498,41520.13454,,
2021-11-01 00:00:00+00:00,30901.27669,40916.81801,,
2021-11-02 00:00:00+00:00,30635.40752,40361.35791,,
2021-11-03 00:00:00+00:00,30510.77979,39885.24821,,
2021-11-04 00:00:00+00:00,30434.81246,39473.44269,,
2021-11-05 00:00:00+00:00,30379.30471,39090.76635,,
2021-11-06 00:00:00+00:00,30425.32108,38675.03999,,
2021-11-07 00:00:00+00:00,30626.58166,38180.36804,,
2021-11-08 00:00:00+00:00,30996.34309,37655.52323,,
2021-11-09 00:00:00+00:00,31504.94479,37202.65612,,
2021-11-10 00:00:00+00:00,32045.54672,36859.67493,,
2021-11-11 00:00:00+00:00,32535.38164,36599.28422,,
2021-11-12 00:00:00+00:00,33037.26432,36380.09131,,
2021-11-13 00:00:00+00:00,33659.13996,36148.10897,,
2021-11-14 00:00:00+00:00,34433.20231,35858.66629,,
2021-11-15 00:00:00+00:00,35256.50829,35557.71753,,
2021-11-16 00:00:00+00:00,36025.62081,35347.489,,
2021-11-17 00:00:00+00:00,36828.84964,35264.56231,,
2021-11-18 00:00:00+00:00,37755.26032,35280.16474,,
2021-11-19 00:00:00+00:00,38788.55986,35347.75733,,
2021-11-20 00:00:00+00:00,39912.52911,35400.60992,,
2021-11-21 00:00:00+00:00,41127.478,35384.27737,,
2021-11-22 00:00:00+00:00,42417.19957,35337.15467,,
2021-11-23 00:00:00+00:00,43643.61724,35331.84083,,
2021-11-24 00:00:00+00:00,44603.90514,35352.56957,,
2021-11-25 00:00:00+00:00,45206.12031,35312.47978,,
2021-11-26 00:00:00+00:00,45531.09834,35158.00111,,
2021-11-27 00:00:00+00:00,45775.31493,34910.99123,,
2021-11-28 00:00:00+00:00,46070.16439,34601.94053,,
2021-11-29 00:00:00+00:00,46453.43768,34353.97715,,
2021-11-30 00:00:00+00:00,46914.10842,34378.87699,,
2021-12-01 00:00:00+00:00,47372.26624,34691.59025,,
2021-12-02 00:00:00+00:00,47696.30274,35122.48952,,
2021-12-03 00:00:00+00:00,47798.86911,35546.92984,,
2021-12-04 00:00:00+00:00,47650.92817,35895.51525,,
2021-12-05 00:00:00+00:00,47294.77938,36124.65285,,
2021-12-06 00:00:00+00:00,46805.48486,36280.6688,,
2021-12-07 00:00:00+00:00,46181.10384,36448.66839,,
2021-12-08 00:00:00+00:00,45458.50119,36661.83783,,
2021-12-09 00:00:00+00:00,44684.81614,36931.40753,,
2021-12-10 00:00:00+00:00,43934.30687,37239.28279,,
2021-12-11 00:00:00+00:00,43304.82049,37518.05794,,
2021-12-12 00:00:00+00:00,42695.36742,37723.53693,,
2021-12-13 00:00:00+00:00,42031.39941,37903.24211,,
2021-12-14 00:00:00+00:00,41500.35429,38146.83581,,
2021-12-15 00:00:00+00:00,41150.59492,38488.76844,,
2021-12-16 00:00:00+00:00,40818.00716,38913.83422,,
2021-12-17 00:00:00+00:00,40520.58212,39389.49375,,
2021-12-18 00:00:00+00:00,40306.84811,39856.01829,,
2021-12-19 00:00:00+00:00,40137.82246,40269.06675,,
2021-12-20 00:00:00+00:00,40019.50961,40676.40295,,
2021-12-21 00:00:00+00:00,39864.74168,41154.41821,,
2021-12-22 00:00:00+00:00,39628.45848,41695.86798,,
2021-12-23 00:00:00+00:00,39427.12728,42258.80891,,
2021-12-24 00:00:00+00:00,39272.13158,42791.77978,,
2021-12-25 00:00:00+00:00,38995.08019,43204.49501,,
2021-12-26 00:00:00+00:00,38483.62256,43468.85745,,
2021-12-27 00:00:00+00:00,37771.11672,43684.36881,,
2021-12-28 00:00:00+00:00,36906.94755,43958.07967,,
2021-12-29 00:00:00+00:00,36000.07264,44318.15289,,
2021-12-30 00:00:00+00:00,35252.73581,44757.38898,,
2021-12-31 00:00:00+00:00,34636.71339,45218.45527,,
2022-01-01 00:00:00+00:00,33886.97606,45603.4554,,
2022-01-02 00:00:00+00:00,32990.28272,45888.89381,,
2022-01-03 00:00:00+00:00,32127.36589,46157.79792,,
2022-01-04 00:00:00+00:00,31274.82153,46509.6076,,
2022-01-05 00:00:00+00:00,30339.6592,46968.28714,,
2022-01-06 00:00:00+00:00,29468.03046,47496.67462,,
2022-01-07 00:00:00+00:00,28904.45869,48042.99897,,
2022-01-08 00:00:00+00:00,28617.0514,48531.95564,,
2022-01-09 00:00:00+00:00,28459.61887,48901.58389,,
2022-01-10 00:00:00+00:00,28460.12427,49182.96522,,
2022-01-11 00:00:00+00:00,28583.92651,49471.81374,,
2022-01-12 00:00:00+00:00,28647.30634,49819.41939,,
2022-01-13 00:00:00+00:00,28527.33843,50202.60889,,
2022-01-14 00:00:00+00:00,28255.47709,50565.29587,,
2022-01-15 00:00:00+00:00,27952.31322,50835.44265,,
2022-01-16 00:00:00+00:00,27640.7659,50962.63299,,
2022-01-17 00:00:00+00:00,27341.88714,50977.88081,,
2022-01-18 00:00:00+00:00,27219.95429,50959.61889,,
2022-01-19 00:00:00+00:00,27271.02401,50942.97095,,
2022-01-20 00:00:00+00:00,27427.25697,50918.53741,,
2022-01-21 00:00:00+00:00,27806.15436,50869.73255,,
2022-01-22 00:00:00+00:00,28344.5449,50742.89019,,
2022-01-23 00:00:00+00:00,28843.578,50493.86155,,
2022-01-24 00:00:00+00:00,29324.63019,50187.6287,,
2022-01-25 00:00:00+00:00,29839.60962,49946.08185,,
2022-01-26 00:00:00+00:00,30274.07133,49833.25584,,
2022-01-27 00:00:00+00:00,30509.91932,49829.45543,,
2022-01-28 00:00:00+00:00,30665.09601,49877.19942,,
2022-01-29 00:00:00+00:00,30908.06822,49919.66334,,
2022-01-30 00:00:00+00:00,31118.44785,49915.6239,,
2022-01-31 00:00:00+00:00,31089.93954,49885.44569,,
2022-02-01 00:00:00+00:00,30882.59975,49895.70149,,
2022-02-02 00:00:00+00:00,30743.61632,49974.34172,,
2022-02-03 00:00:00+00:00,30700.5886,50114.14887,,
2022-02-04 00:00:00+00:00,30668.27234,50282.80346,,
2022-02-05 00:00:00+00:00,30689.89729,50406.27312,,
2022-02-06 00:00:00+00:00,30694.64439,50440.34064,,
2022-02-07 00:00:00+00:00,30675.64513,50475.46407,,
2022-02-08 00:00:00+00:00,30842.51747,50646.23762,,
2022-02-09 00:00:00+00:00,31258.49457,50955.06875,,
2022-02-10 00:00:00+00:00,31854.29682,51330.04224,,
2022-02-11 00:00:00+00:00,32486.03095,51725.78573,,
2022-02-12 00:00:00+00:00,32992.73662,52072.36427,,
2022-02-13 00:00:00+00:00,33486.73785,52286.99739,,
2022-02-14 00:00:00+00:00,34125.72661,52400.19454,,
2022-02-15 00:00:00+00:00,34849.81105,52528.39495,,
2022-02-16 00:00:00+00:00,35496.18429,52742.21851,,
2022-02-17 00:00:00+00:00,35901.64806,53039.74571,,
2022-02-18 00:00:00+00:00,36041.09659,53377.34068,,
2022-02-19 00:00:00+00:00,36093.46517,53686.50758,,
2022-02-20 00:00:00+00:00,36249.97232,53916.45064,,
2022-02-21 00:00:00+00:00,36492.20909,54110.49889,,
2022-02-22 00:00:00+00:00,36692.32239,54370.9231,,
2022-02-23 00:00:00+00:00,36803.94009,54746.60204,,
2022-02-24 00:00:00+00:00,36829.98974,55228.86576,,
2022-02-25 00:00:00+00:00,36827.20905,55776.48342,,
2022-02-26 00:00:00+00:00,36903.19584,56290.49811,,
2022-02-27 00:00:00+00:00,37070.10476,56687.25631,,
2022-02-28 00:00:00+00:00,37247.63037,57015.10442,,
2022-03-01 00:00:00+00:00,37321.43104,57383.79064,,
2022-03-02 00:00:00+00:00,37269.01928,57832.4189,,
2022-03-03 00:00:00+00:00,37128.57156,58338.88758,,
2022-03-04 00:00:00+00:00,36860.73168,58854.31179,,
2022-03-05 00:00:00+00:00,36492.12248,59296.37575,,
2022-03-06 00:00:00+00:00,36064.2982,59599.08249,,
2022-03-07 00:00:00+00:00,35591.7721,59811.94787,,
2022-03-08 00:00:00+00:00,35173.21158,60057.75185,,
2022-03-09 00:00:00+00:00,34881.39578,60397.78743,,
2022-03-10 00:00:00+00:00,34621.08005,60814.6431,,
2022-03-11 00:00:00+00:00,34226.44442,61262.12585,,
2022-03-12 00:00:00+00:00,33762.7991,61674.86405,,
2022-03-13 00:00:00+00:00,33487.45719,61983.43295,,
2022-03-14 00:00:00+00:00,33501.40061,62206.33605,,
2022-03-15 00:00:00+00:00,33721.73069,62440.13509,,
2022-03-16 00:00:00+00:00,33968.57809,62726.16567,,
2022-03-17 00:00:00+00:00,34060.98198,63027.02209,,
2022-03-18 00:00:00+00:00,34038.00579,63282.94606,,
2022-03-19 00:00:00+00:00,34006.47788,63420.96572,,
2022-03-20 00:00:00+00:00,33871.0585,63389.35986,,
2022-03-21 00:00:00+00:00,33604.46321,63252.26036,,
2022-03-22 00:00:00+00:00,33305.159,63131.3758,,
2022-03-23 00:00:00+00:00,33010.48239,63062.79085,,
2022-03-24 00:00:00+00:00,32803.39129,63016.62446,,
2022-03-25 00:00:00+00:00,32626.24914,62949.65736,,
2022-03-26 00:00:00+00:00,32322.04088,62793.45038,,
2022-03-27 00:00:00+00:00,31954.27049,62493.29193,,
2022-03-28 00:00:00+00:00,31560.65493,62087.57388,,
2022-03-29 00:00:00+00:00,31131.58596,61678.02235,,
2022-03-30 00:00:00+00:00,30840.74606,61330.84388,,
2022-03-31 00:00:00+00:00,30675.82312,61051.79181,,
2022-04-01 00:00:00+00:00,30445.32416,60803.77139,,
2022-04-02 00:00:00+00:00,30223.74322,60520.12909,,
2022-04-03 00:00:00+00:00,30138.14476,60151.61797,,
2022-04-04 00:00:00+00:00,30063.50454,59773.97079,,
2022-04-05 00:00:00+00:00,29832.69091,59524.70267,,
2022-04-06 00:00:00+00:00,29511.62615,59423.09947,,
2022-04-07 00:00:00+00:00,29185.12669,59352.04985,,
2022-04-08 00:00:00+00:00,28726.13747,59200.01153,,
2022-04-09 00:00:00+00:00,28067.84823,58964.53558,,
2022-04-10 00:00:00+00:00,27261.98522,58649.92329,,
2022-04-11 00:00:00+00:00,26452.55307,58300.77405,,
2022-04-12 00:00:00+00:00,25836.78202,58031.65202,,
2022-04-13 00:00:00+00:00,25413.53483,57880.51597,,
2022-04-14 00:00:00+00:00,25184.86305,57806.38188,,
2022-04-15 00:00:00+00:00,25188.88475,57718.98199,,
2022-04-16 00:00:00+00:00,25310.07998,57501.24283,,
2022-04-17 00:00:00+00:00,25473.12476,57089.37406,,
2022-04-18 00:00:00+00:00,25633.96779,56541.79815,,
2022-04-19 00:00:00+00:00,25796.89637,55989.74911,,
2022-04-20 00:00:00+00:00,26115.97966,55497.19484,,
2022-04-21 00:00:00+00:00,26584.56594,55043.70067,,
2022-04-22 00:00:00+00:00,26956.24007,54587.9155,,
2022-04-23 00:00:00+00:00,27208.07421,54070.75458,,
2022-04-24 00:00:00+00:00,27484.3531,53445.63184,,
2022-04-25 00:00:00+00:00,27750.19816,52774.16374,,
2022-04-26 00:00:00+00:00,28074.50793,52180.62732,,
2022-04-27 00:00:00+00:00,28517.60868,51705.60562,,
2022-04-28 00:00:00+00:00,28874.82003,51301.66697,,
2022-04-29 00:00:00+00:00,29048.23763,50914.82311,,
2022-04-30 00:00:00+00:00,29119.88246,50496.18417,,
2022-05-01 00:00:00+00:00,29213.07949,50000.07134,,
2022-05-02 00:00:00+00:00,29423.24836,49468.71624,,
2022-05-03 00:00:00+00:00,29723.20553,49007.58883,,
2022-05-04 00:00:00+00:00,30100.88846,48660.27517,,
2022-05-05 00:00:00+00:00,30597.43722,48402.4613,,
2022-05-06 00:00:00+00:00,31205.56111,48183.36075,,
2022-05-07 00:00:00+00:00,31952.63083,47933.08022,,
2022-05-08 00:00:00+00:00,32815.33902,47593.37906,,
2022-05-09 00:00:00+00:00,33705.32937,47206.07285,,
2022-05-10 00:00:00+00:00,34672.08043,46877.67077,,
2022-05-11 00:00:00+00:00,35715.4049,46639.62505,,
2022-05-12 00:00:00+00:00,36703.03967,46462.71725,,
2022-05-13 00:00:00+00:00,37604.89787,46315.05397,,
2022-05-14 00:00:00+00:00,38499.41017,46136.24653,,
2022-05-15 00:00:00+00:00,39422.52734,45870.26727,,
2022-05-16 00:00:00+00:00,40285.93497,45573.36199,,
2022-05-17 00:00:00+00:00,40976.32528,45376.25745,,
2022-05-18 00:00:00+00:00,41424.35856,45330.27862,,
2022-05-19 00:00:00+00:00,41606.79562,45397.34456,,
2022-05-20 00:00:00+00:00,41559.17391,45527.66138,,
2022-05-21 00:00:00+00:00,41345.83271,45654.09107,,
2022-05-22 00:00:00+00:00,40992.33829,45713.58467,,
2022-05-23 00:00:00+00:00,40452.06533,45749.04166,,
2022-05-24 00:00:00+00:00,39727.09895,45866.98889,,
2022-05-25 00:00:00+00:00,38931.63096,46124.88802,,
2022-05-26 00:00:00+00:00,38202.41852,46516.26147,,
2022-05-27 00:00:00+00:00,37533.14531,46974.76754,,
2022-05-28 00:00:00+00:00,36794.22669,47395.55392,,
2022-05-29 00:00:00+00:00,35893.05662,47687.21686,,
2022-05-30 00:00:00+00:00,34954.55456,47841.91605,,
2022-05-31 00:00:00+00:00,34144.09491,47961.7622,,
2022-06-01 00:00:00+00:00,33438.32217,48156.49623,,
2022-06-02 00:00:00+00:00,32874.28959,48460.88045,,
2022-06-03 00:00:00+00:00,32480.34184,48856.07939,,
2022-06-04 00:00:00+00:00,32208.33661,49258.08407,,
2022-06-05 00:00:00+00:00,32114.51408,49574.14595,,
2022-06-06 00:00:00+00:00,32253.37299,49835.76,,
2022-06-07 00:00:00+00:00,32591.31415,50151.49004,,
2022-06-08 00:00:00+00:00,33086.4147,50561.83627,,
2022-06-09 00:00:00+00:00,33574.20205,51043.87584,,
2022-06-10 00:00:00+00:00,33855.32135,51554.01438,,
2022-06-11 00:00:00+00:00,34036.60312,52013.51951,,
2022-06-12 00:00:00+00:00,34372.67016,52377.84244,,
2022-06-13 00:00:00+00:00,34925.2123,52705.19311,,
2022-06-14 00:00:00+00:00,35634.63613,53083.1746,,
2022-06-15 00:00:00+00:00,36476.33685,53533.85519,,
2022-06-16 00:00:00+00:00,37356.68454,54023.18019,,
2022-06-17 00:00:00+00:00,38134.77656,54507.68561,,
2022-06-18 00:00:00+00:00,38770.45107,54925.25637,,
2022-06-19 00:00:00+00:00,39280.45231,55216.31675,,
2022-06-20 00:00:00+00:00,39750.81352,55422.71441,,
2022-06-21 00:00:00+00:00,40299.36845,55660.27998,,
2022-06-22 00:00:00+00:00,40959.2788,55979.20402,,
2022-06-23 00:00:00+00:00,41686.07566,56336.97334,,
2022-06-24 00:00:00+00:00,42320.32515,56663.01284,,
2022-06-25 00:00:00+00:00,42723.6128,56894.32758,,
2022-06-26 00:00:00+00:00,42987.98709,56995.11414,,
2022-06-27 00:00:00+00:00,43257.89625,57033.45622,,
2022-06-28 00:00:00+00:00,43477.68738,57124.20974,,
2022-06-29 00:00:00+00:00,43546.31983,57279.73115,,
2022-06-30 00:00:00+00:00,43470.78696,57449.57225,,
2022-07-01 00:00:00+00:00,43225.192,57593.26192,,
2022-07-02 00:00:00+00:00,42830.42286,57656.89212,,
2022-07-03 00:00:00+00:00,42432.61494,57571.98177,,
2022-07-04 00:00:00+00:00,42174.95445,57318.48993,,
2022-07-05 00:00:00+00:00,42132.82896,56985.70881,,
2022-07-06 00:00:00+00:00,42157.09952,56701.80112,,
2022-07-07 00:00:00+00:00,42061.58741,56501.48818,,
2022-07-08 00:00:00+00:00,41938.28477,56344.37608,,
2022-07-09 00:00:00+00:00,41946.67796,56163.10126,,
2022-07-10 00:00:00+00:00,42155.22857,55897.58191,,
2022-07-11 00:00:00+00:00,42480.85653,55591.36036,,
2022-07-12 00:00:00+00:00,42767.49512,55348.52472,,
2022-07-13 00:00:00+00:00,42953.84558,55206.47705,,
2022-07-14 00:00:00+00:00,42947.53286,55134.66914,,
2022-07-15 00:00:00+00:00,42660.90709,55075.49579,,
2022-07-16 00:00:00+00:00,42101.95876,54960.48983,,
2022-07-17 00:00:00+00:00,41341.44888,54724.48751,,
2022-07-18 00:00:00+00:00,40558.807,54405.78526,,
2022-07-19 00:00:00+00:00,39918.98018,54134.81959,,
2022-07-20 00:00:00+00:00,39472.59669,53939.2452,,
2022-07-21 00:00:00+00:00,39254.79363,53778.72471,,
2022-07-22 00:00:00+00:00,39286.90461,53639.20285,,
2022-07-23 00:00:00+00:00,39464.68086,53459.31387,,
2022-07-24 00:00:00+00:00,39551.44976,53180.49049,,
2022-07-25 00:00:00+00:00,39440.4112,52877.1636,,
2022-07-26 00:00:00+00:00,39274.06347,52670.95464,,
2022-07-27 00:00:00+00:00,39170.28398,52590.54431,,
2022-07-28 00:00:00+00:00,39116.20716,52608.37762,,
2022-07-29 00:00:00+00:00,39141.12501,52687.95212,,
2022-07-30 00:00:00+00:00,39231.66044,52753.4627,,
2022-07-31 00:00:00+00:00,39256.20916,52741.92124,,
2022-08-01 00:00:00+00:00,39252.2755,52705.9938,,
2022-08-02 00:00:00+00:00,39349.51482,52770.79145,,
2022-08-03 00:00:00+00:00,39549.95849,53015.7134,,
2022-08-04 00:00:00+00:00,39840.93328,53418.38147,,
2022-08-05 00:00:00+00:00,40200.50157,53891.36875,,
2022-08-06 00:00:00+00:00,40510.78921,54336.09025,,
2022-08-07 00:00:00+00:00,40571.64629,54681.83905,,
2022-08-08 00:00:00+00:00,40381.89049,54969.03275,,
2022-08-09 00:00:00+00:00,40097.12431,55304.27122,,
2022-08-10 00:00:00+00:00,39693.39902,55719.28393,,
2022-08-11 00:00:00+00:00,39074.93893,56170.32933,,
2022-08-12 00:00:00+00:00,38213.15856,56595.79942,,
2022-08-13 00:00:00+00:00,37158.59169,56911.53962,,
2022-08-14 00:00:00+00:00,36125.13507,57062.88186,,
2022-08-15 00:00:00+00:00,35318.39193,57122.5355,,
2022-08-16 00:00:00+00:00,34751.10141,57209.3934,,
2022-08-17 00:00:00+00:00,34349.61699,57355.6129,,
2022-08-18 00:00:00+00:00,34022.77674,57527.12404,,
2022-08-19 00:00:00+00:00,33666.41705,57677.62968,,
2022-08-20 00:00:00+00:00,33256.55005,57748.76825,,
2022-08-21 00:00:00+00:00,32826.35309,57700.11708,,
2022-08-22 00:00:00+00:00,32374.26542,57594.90647,,
2022-08-23 00:00:00+00:00,31982.34567,57562.83101,,
2022-08-24 00:00:00+00:00,31731.83645,57654.7568,,
2022-08-25 00:00:00+00:00,31679.61792,57821.52409,,
2022-08-26 00:00:00+00:00,31783.50783,57997.08229,,
2022-08-27 00:00:00+00:00,31789.58103,58110.9823,,
2022-08-28 00:00:00+00:00,31653.3578,58101.6449,,
2022-08-29 00:00:00+00:00,31606.16209,58024.25851,,
2022-08-30 00:00:00+00:00,31768.87602,58015.45158,,
2022-08-31 00:00:00+00:00,32138.09527,58123.94827,,
2022-09-01 00:00:00+00:00,32613.3401,58296.43291,,
2022-09-02 00:00:00+00:00,33006.68325,58465.32235,,
2022-09-03 00:00:00+00:00,33269.04447,58552.60746,,
2022-09-04 00:00:00+00:00,33472.1815,58483.81772,,
2022-09-05 00:00:00+00:00,33607.82246,58284.29797,,
2022-09-06 00:00:00+00:00,33556.59707,58080.70112,,
2022-09-07 00:00:00+00:00,33287.844,57965.63605,,
2022-09-08 00:00:00+00:00,32986.76878,57920.81741,,
2022-09-09 00:00:00+00:00,32832.6455,57886.83701,,
2022-09-10 00:00:00+00:00,32853.01843,57802.57193,,
2022-09-11 00:00:00+00:00,33053.11171,57626.75052,,
2022-09-12 00:00:00+00:00,33319.82182,57436.9034,,
2022-09-13 00:00:00+00:00,33467.19112,57384.86358,,
2022-09-14 00:00:00+00:00,33518.18621,57531.7956,,
2022-09-15 00:00:00+00:00,33513.9923,57835.98438,,
2022-09-16 00:00:00+00:00,33450.04142,58214.30103,,
2022-09-17 00:00:00+00:00,33432.49169,58540.1691,,
2022-09-18 00:00:00+00:00,33454.88599,58723.36482,,
2022-09-19 00:00:00+00:00,33440.6554,58814.97815,,
2022-09-20 00:00:00+00:00,33363.04817,58929.86493,,
2022-09-21 00:00:00+00:00,33277.9407,59111.02537,,
2022-09-22 00:00:00+00:00,33332.79695,59330.4273,,
2022-09-23 00:00:00+00:00,33543.2172,59542.54049,,
2022-09-24 00:00:00+00:00,33879.7231,59677.55509,,
2022-09-25 00:00:00+00:00,34312.53593,59680.9628,,
2022-09-26 00:00:00+00:00,34806.23024,59629.13483,,
2022-09-27 00:00:00+00:00,35282.61668,59679.30286,,
2022-09-28 00:00:00+00:00,35615.12294,59878.14403,,
2022-09-29 00:00:00+00:00,35870.83381,60164.64558,,
2022-09-30 00:00:00+00:00,36094.24827,60484.49462,,
2022-10-01 00:00:00+00:00,36226.02066,60774.47181,,
2022-10-02 00:00:00+00:00,36301.01727,60971.56504,,
2022-10-03 00:00:00+00:00,36317.66034,61114.2056,,
2022-10-04 00:00:00+00:00,36246.52201,61301.03055,,
2022-10-05 00:00:00+00:00,36184.33161,61561.33221,,
2022-10-06 00:00:00+00:00,36186.51946,61795.99614,,
2022-10-07 00:00:00+00:00,36176.91024,61825.60642,,
2022-10-08 00:00:00+00:00,36191.87669,61537.58909,,
2022-10-09 00:00:00+00:00,36298.39514,60929.24334,,
2022-10-10 00:00:00+00:00,36442.3398,60059.28803,,
2022-10-11 00:00:00+00:00,36629.76167,59015.28508,,
2022-10-12 00:00:00+00:00,36972.74612,57866.38014,,
2022-10-13 00:00:00+00:00,37473.69961,56638.73047,,
2022-10-14 00:00:00+00:00,37936.46714,55325.7191,,
2022-10-15 00:00:00+00:00,38207.87943,53900.83215,,
2022-10-16 00:00:00+00:00,38398.74867,52356.30222,,
2022-10-17 00:00:00+00:00,38612.70991,50733.70781,,
2022-10-18 00:00:00+00:00,38773.42125,49090.71193,,
2022-10-19 00:00:00+00:00,38797.98731,47460.19645,,
2022-10-20 00:00:00+00:00,38634.8664,45845.05263,,
2022-10-21 00:00:00+00:00,38331.01779,44234.39901,,
2022-10-22 00:00:00+00:00,38020.25599,42611.47673,,
2022-10-23 00:00:00+00:00,37741.13728,40975.31775,,
2022-10-24 00:00:00+00:00,37462.13712,39365.92872,,
2022-10-25 00:00:00+00:00,37281.54682,37850.48116,,
2022-10-26 00:00:00+00:00,37249.53629,36484.28644,,
2022-10-27 00:00:00+00:00,37195.69027,35275.22267,,
2022-10-28 00:00:00+00:00,37070.90808,34177.41657,,
2022-10-29 00:00:00+00:00,37077.28733,33120.87762,,
2022-10-30 00:00:00+00:00,37274.65332,32071.8422,,
2022-10-31 00:00:00+00:00,37572.87191,31052.05588,,
2022-11-01 00:00:00+00:00,37972.90119,30105.21078,,
2022-11-02 00:00:00+00:00,38426.76008,29264.75753,,
2022-11-03 00:00:00+00:00,38895.7681,28531.17634,,
2022-11-04 00:00:00+00:00,39359.3042,27880.65559,,
2022-11-05 00:00:00+00:00,39694.79587,27281.69695,,
2022-11-06 00:00:00+00:00,39887.6017,26720.00958,,
2022-11-07 00:00:00+00:00,40082.23319,26220.16687,,
2022-11-08 00:00:00+00:00,40392.74053,25813.32609,,
2022-11-09 00:00:00+00:00,40802.73561,25506.16724,,
2022-11-10 00:00:00+00:00,41192.09532,25286.26341,,
2022-11-11 00:00:00+00:00,41504.85265,25129.69155,,
2022-11-12 00:00:00+00:00,41784.26689,25000.42537,,
2022-11-13 00:00:00+00:00,42110.01315,24874.84941,,
2022-11-14 00:00:00+00:00,42593.56146,24773.36117,,
2022-11-15 00:00:00+00:00,43161.96003,24737.71142,,
2022-11-16 00:00:00+00:00,43553.04313,24795.31454,,
2022-11-17 00:00:00+00:00,43726.61317,24948.21644,,
2022-11-18 00:00:00+00:00,43887.4859,25179.3643,,
2022-11-19 00:00:00+00:00,44166.2177,25450.58952,,
2022-11-20 00:00:00+00:00,44544.43473,25718.17468,,
2022-11-21 00:00:00+00:00,44942.54902,25977.53863,,
2022-11-22 00:00:00+00:00,45345.82698,26245.38189,,
2022-11-23 00:00:00+00:00,45757.71435,26517.33059,,
2022-11-24 00:00:00+00:00,46082.52812,26763.30155,,
2022-11-25 00:00:00+00:00,46289.09878,26972.67455,,
2022-11-26 00:00:00+00:00,46443.63494,27168.1357,,
2022-11-27 00:00:00+00:00,46471.01513,27364.53643,,
2022-11-28 00:00:00+00:00,46296.78945,27601.61593,,
2022-11-29 00:00:00+00:00,46060.0431,27976.64328,,
2022-11-30 00:00:00+00:00,45827.56707,28543.85584,,
2022-12-01 00:00:00+00:00,29207.52966,45592.65991,,
2022-12-02 00:00:00+00:00,29834.18114,45457.25012,,
2022-12-03 00:00:00+00:00,30380.94168,45387.1691,,
2022-12-04 00:00:00+00:00,30852.13704,45285.85368,,
2022-12-05 00:00:00+00:00,31267.78612,45190.3232,,
2022-12-06 00:00:00+00:00,31657.82988,45091.94892,,
2022-12-07 00:00:00+00:00,32039.81281,44952.3649,,
2022-12-08 00:00:00+00:00,32410.23811,44864.96086,,
2022-12-09 00:00:00+00:00,32750.3456,44927.5979,,
2022-12-10 00:00:00+00:00,33034.17226,45036.26116,,
2022-12-11 00:00:00+00:00,33254.0035,45029.25904,,
2022-12-12 00:00:00+00:00,33438.99222,44970.59154,,
2022-12-13 00:00:00+00:00,33629.79598,44922.43196,,
2022-12-14 00:00:00+00:00,33849.10789,44785.86382,,
2022-12-15 00:00:00+00:00,34093.25347,44597.64234,,
2022-12-16 00:00:00+00:00,34340.99965,44444.9886,,
2022-12-17 00:00:00+00:00,34558.84644,44250.25694,,
2022-12-18 00:00:00+00:00,34722.53974,43925.82178,,
2022-12-19 00:00:00+00:00,34843.32219,43511.36842,,
2022-12-20 00:00:00+00:00,34955.33785,43052.77889,,
2022-12-21 00:00:00+00:00,35079.6383,42487.32035,,
2022-12-22 00:00:00+00:00,35203.75348,41808.61581,,
2022-12-23 00:00:00+00:00,35299.1271,41123.89501,,
2022-12-24 00:00:00+00:00,35341.71361,40452.58826,,
2022-12-25 00:00:00+00:00,35320.08677,39795.02349,,
2022-12-26 00:00:00+00:00,35258.29186,39219.9248,,
2022-12-27 00:00:00+00:00,35214.99993,38777.18832,,
2022-12-28 00:00:00+00:00,35223.80606,38396.13058,,
2022-12-29 00:00:00+00:00,35267.3886,37896.803,,
2022-12-30 00:00:00+00:00,35317.53208,37190.4789,,
2022-12-31 00:00:00+00:00,35351.79935,36306.75062,,
2023-01-01 00:00:00+00:00,35359.38719,35375.13472,,
2023-01-02 00:00:00+00:00,35365.6666,34533.34986,,
2023-01-03 00:00:00+00:00,35422.33131,33835.16751,,
2023-01-04 00:00:00+00:00,35571.90331,33310.19596,,
2023-01-05 00:00:00+00:00,35824.49614,32883.87759,,
2023-01-06 00:00:00+00:00,36156.37699,32537.95993,,
2023-01-07 00:00:00+00:00,36526.23202,32289.73252,,
2023-01-08 00:00:00+00:00,36905.04715,32092.87851,,
2023-01-09 00:00:00+00:00,37304.01512,32002.96931,,
2023-01-10 00:00:00+00:00,37755.87157,31939.22658,,
2023-01-11 00:00:00+00:00,38277.88733,31715.85652,,
2023-01-12 00:00:00+00:00,38850.3743,31399.8799,,
2023-01-13 00:00:00+00:00,39426.12776,31257.01067,,
2023-01-14 00:00:00+00:00,39965.04779,31406.41726,,
2023-01-15 00:00:00+00:00,40448.31327,31765.14322,,
2023-01-16 00:00:00+00:00,40887.98067,32292.60175,,
2023-01-17 00:00:00+00:00,41319.11049,33029.3687,,
2023-01-18 00:00:00+00:00,41761.91548,33980.95119,,
2023-01-19 00:00:00+00:00,42206.29756,35001.49465,,
2023-01-20 00:00:00+00:00,42630.292,35991.89282,,
2023-01-21 00:00:00+00:00,43010.7618,36992.99772,,
2023-01-22 00:00:00+00:00,43336.53246,37857.54168,,
2023-01-23 00:00:00+00:00,43626.83479,38479.29089,,
2023-01-24 00:00:00+00:00,43913.03404,39023.97676,,
2023-01-25 00:00:00+00:00,44209.22381,39498.57262,,
2023-01-26 00:00:00+00:00,44506.48047,39747.37608,,
2023-01-27 00:00:00+00:00,44784.03947,39848.59466,,
2023-01-28 00:00:00+00:00,45017.70926,39931.08798,,
2023-01-29 00:00:00+00:00,45199.56446,39926.66058,,
2023-01-30 00:00:00+00:00,45352.28626,39748.88694,,
2023-01-31 00:00:00+00:00,45508.01706,39380.17795,,
2023-02-01 00:00:00+00:00,45685.21157,38874.50547,,
2023-02-02 00:00:00+00:00,45880.96918,38363.09374,,
2023-02-03 00:00:00+00:00,46077.59068,37954.14745,,
2023-02-04 00:00:00+00:00,46252.40686,37700.1042,,
2023-02-05 00:00:00+00:00,46396.31438,37616.95594,,
2023-02-06 00:00:00+00:00,46537.63499,37645.45638,,
2023-02-07 00:00:00+00:00,46714.9857,37805.59329,,
2023-02-08 00:00:00+00:00,46931.89735,38122.92132,,
2023-02-09 00:00:00+00:00,47166.9463,38533.2893,,
2023-02-10 00:00:00+00:00,47403.81805,38990.81831,,
2023-02-11 00:00:00+00:00,47624.98512,39417.15708,,
2023-02-12 00:00:00+00:00,47804.88355,39863.95759,,
2023-02-13 00:00:00+00:00,47943.56416,40358.3482,,
2023-02-14 00:00:00+00:00,48065.58618,40741.5583,,
2023-02-15 00:00:00+00:00,48189.86785,40985.0389,,
2023-02-16 00:00:00+00:00,48324.32116,41129.39088,,
2023-02-17 00:00:00+00:00,48460.55967,41172.03691,,
2023-02-18 00:00:00+00:00,48574.93665,41198.60407,,
2023-02-19 00:00:00+00:00,48651.1893,41258.40512,,
2023-02-20 00:00:00+00:00,48703.71659,41214.22506,,
2023-02-21 00:00:00+00:00,48765.89309,41040.00924,,
2023-02-22 00:00:00+00:00,48858.67335,40952.44963,,
2023-02-23 00:00:00+00:00,48977.20923,41003.74831,,
2023-02-24 00:00:00+00:00,49102.45093,41098.84365,,
2023-02-25 00:00:00+00:00,49212.2169,41282.60574,,
2023-02-26 00:00:00+00:00,49296.93611,41542.04178,,
2023-02-27 00:00:00+00:00,49376.17203,41714.63568,,
2023-02-28 00:00:00+00:00,49485.86552,41676.27392,,
2023-03-01 00:00:00+00:00,49646.35685,41379.56062,,
2023-03-02 00:00:00+00:00,49844.63108,40852.5731,,
2023-03-03 00:00:00+00:00,50054.3151,40153.81577,,
2023-03-04 00:00:00+00:00,50249.73338,39307.37285,,
2023-03-05 00:00:00+00:00,50411.55512,38318.78332,,
2023-03-06 00:00:00+00:00,50547.0765,37199.71395,,
2023-03-07 00:00:00+00:00,50684.9106,35985.31574,,
2023-03-08 00:00:00+00:00,50847.49466,34707.24053,,
2023-03-09 00:00:00+00:00,51036.77528,33369.7044,,
2023-03-10 00:00:00+00:00,51237.51223,31991.80934,,
2023-03-11 00:00:00+00:00,51426.83414,30604.17172,,
2023-03-12 00:00:00+00:00,51589.69477,29214.49959,,
2023-03-13 00:00:00+00:00,51734.20656,27828.53101,,
2023-03-14 00:00:00+00:00,51882.85274,26464.43583,,
2023-03-15 00:00:00+00:00,52051.78412,25145.79068,,
2023-03-16 00:00:00+00:00,52241.34514,23887.8883,,
2023-03-17 00:00:00+00:00,52438.80107,22686.87862,,
2023-03-18 00:00:00+00:00,52624.96221,21537.44081,,
2023-03-19 00:00:00+00:00,52785.13444,20455.81329,,
2023-03-20 00:00:00+00:00,52924.94532,19446.61662,,
2023-03-21 00:00:00+00:00,53066.50084,18491.57729,,
2023-03-22 00:00:00+00:00,53225.6099,17591.99249,,
2023-03-23 00:00:00+00:00,53401.24818,16762.82774,,
2023-03-24 00:00:00+00:00,53583.42484,16010.71251,,
2023-03-25 00:00:00+00:00,53757.71059,15338.35341,,
2023-03-26 00:00:00+00:00,53911.60159,14749.96606,,
2023-03-27 00:00:00+00:00,54048.85556,14237.17757,,
2023-03-28 00:00:00+00:00,54185.94135,13787.81995,,
2023-03-29 00:00:00+00:00,54334.61242,13399.96721,,
2023-03-30 00:00:00+00:00,54502.04331,13070.25487,,
2023-03-31 00:00:00+00:00,54693.50834,12813.20005,,
2023-04-01 00:00:00+00:00,54913.27114,12636.7739,,
2023-04-02 00:00:00+00:00,55164.44454,12521.15881,,
2023-04-03 00:00:00+00:00,55432.44745,12462.7238,,
2023-04-04 00:00:00+00:00,55687.1925,12463.65211,,
2023-04-05 00:00:00+00:00,55906.53826,12520.35122,,
2023-04-06 00:00:00+00:00,56097.45255,12642.70946,,
2023-04-07 00:00:00+00:00,56289.24504,12837.07224,,
2023-04-08 00:00:00+00:00,56501.9522,13093.69013,,
2023-04-09 00:00:00+00:00,56733.39596,13396.16757,,
2023-04-10 00:00:00+00:00,56966.6962,13722.87881,,
2023-04-11 00:00:00+00:00,57179.10149,14054.55305,,
2023-04-12 00:00:00+00:00,57356.35811,14389.907,,
2023-04-13 00:00:00+00:00,57508.90385,14743.93347,,
2023-04-14 00:00:00+00:00,57662.06569,15135.86628,,
2023-04-15 00:00:00+00:00,57833.10092,15556.77672,,
2023-04-16 00:00:00+00:00,58022.59555,15985.59828,,
2023-04-17 00:00:00+00:00,58218.30833,16419.50959,,
2023-04-18 00:00:00+00:00,58400.78546,16854.32693,,
2023-04-19 00:00:00+00:00,58554.69109,17282.01169,,
2023-04-20 00:00:00+00:00,58685.05536,17703.41851,,
2023-04-21 00:00:00+00:00,58812.35527,18134.6874,,
2023-04-22 00:00:00+00:00,58952.22602,18586.11063,,
2023-04-23 00:00:00+00:00,59106.16887,19053.04904,,
2023-04-24 00:00:00+00:00,59265.19013,19517.84786,,
2023-04-25 00:00:00+00:00,59413.57591,19960.4764,,
2023-04-26 00:00:00+00:00,59538.04553,20387.17292,,
2023-04-27 00:00:00+00:00,59643.89457,20817.03094,,
2023-04-28 00:00:00+00:00,59749.84429,21250.73892,,
2023-04-29 00:00:00+00:00,59869.20874,21676.64172,,
2023-04-30 00:00:00+00:00,60002.2799,22085.28447,,